id,gp,first_name,last_name,team_id,team_code,team_name,position,position_id,cr,pdk,min,starter,pts,ast,reb,stl,blk,blka,fgm,fgm_tot,fga,fga_tot,tpm,tpm_tot,tpa,tpa_tot,ftm,ftm_tot,fta,fta_tot,oreb,dreb,tov,pf,fouls_received,plus_minus,fgp,tpp,ftp,slug
1185,21,Matt,Thomas,31,BER,ALBA Berlin,G,1,0.0,205.90,506,14,258,32,43,9,1,10,88,88.00,187,187.00,55,55.00,119,119.00,27,27.00,33,33.00,7,36,38,25,38,-116,47.1,46.2,81.8,matt-thomas
1219,24,Martin,Hermannsson,31,BER,ALBA Berlin,G,1,0.0,263.20,523,18,229,137,38,14,0,14,82,82.00,191,191.00,18,18.00,62,62.00,47,47.00,58,58.00,10,28,54,30,57,-110,42.9,29.0,81.0,martin-hermannsson
1241,27,Elias,Rapieque,31,BER,ALBA Berlin,F,2,0.0,71.90,406,4,113,34,58,17,0,9,46,46.00,110,110.00,6,6.00,36,36.00,15,15.00,27,27.00,28,30,28,66,28,-132,41.8,16.7,55.6,elias-rapieque
1467,23,Louis,Olinde,31,BER,ALBA Berlin,F,2,0.0,119.50,438,9,129,26,65,7,11,3,50,50.00,114,114.00,11,11.00,56,56.00,18,18.00,24,24.00,22,43,19,66,38,-119,43.9,19.6,75.0,louis-olinde
1468,32,Tim,Schneider,31,BER,ALBA Berlin,F,2,0.0,147.40,628,16,179,14,105,13,8,5,67,67.00,162,162.00,26,26.00,89,89.00,19,19.00,33,33.00,34,71,28,75,41,-226,41.4,29.2,57.6,tim-schneider
1470,29,Jonas,Mattisseck,31,BER,ALBA Berlin,G,1,0.0,15.80,387,5,71,16,22,15,0,6,24,24.00,93,93.00,17,17.00,74,74.00,6,6.00,7,7.00,3,19,10,52,28,-161,25.8,23.0,85.7,jonas-mattisseck
1471,23,Malte,Delow,31,BER,ALBA Berlin,G,1,0.0,138.20,419,12,132,37,61,19,4,7,53,53.00,117,117.00,9,9.00,46,46.00,17,17.00,22,22.00,23,38,16,59,34,-152,45.3,19.6,77.3,malte-delow
1472,28,Yanni,Wetzell,31,BER,ALBA Berlin,F,2,0.0,324.40,584,14,314,45,124,21,6,28,128,128.00,233,233.00,10,10.00,28,28.00,48,48.00,73,73.00,45,79,43,73,84,-159,54.9,35.7,65.8,yanni-wetzell
1475,26,Gabriele,Procida,31,BER,ALBA Berlin,F,2,0.0,207.30,533,17,253,21,58,19,9,3,94,94.00,214,214.00,21,21.00,96,96.00,44,44.00,56,56.00,15,43,31,46,53,-196,43.9,21.9,78.6,gabriele-procida
1740,27,Matteo,Spagnolo,31,BER,ALBA Berlin,G,1,0.0,244.20,560,14,259,101,54,13,1,12,98,98.00,238,238.00,12,12.00,46,46.00,51,51.00,64,64.00,14,40,58,40,73,-162,41.2,26.1,79.7,matteo-spagnolo
2084,13,Justin,Bean,31,BER,ALBA Berlin,F,2,0.0,126.00,257,6,76,13,62,9,5,3,29,29.00,60,60.00,9,9.00,20,20.00,9,9.00,12,12.00,27,35,9,17,24,-46,48.3,45.0,75.0,justin-bean
2085,5,Amon,Doerries,31,BER,ALBA Berlin,F,2,0.0,5.10,34,0,6,0,2,1,0,0,2,2.00,2,2.00,0,0,0,0,2,2.00,2,2.00,1,1,3,3,2,-9,100.0,0.0,100.0,amon-doerries
2087,5,Anton,Nufer,31,BER,ALBA Berlin,G,1,0.0,0.20,22,1,4,0,2,0,0,0,1,1.00,1,1.00,1,1.00,1,1.00,1,1.00,2,2.00,0,2,3,2,0,-34,100.0,100.0,50.0,anton-nufer
2088,2,Dorian,Grosber,31,BER,ALBA Berlin,F,2,0.0,-0.70,6,1,2,0,0,1,0,0,1,1.00,2,2.00,0,0,0,0,0,0,0,0,0,0,1,2,0,-6,50.0,0.0,0.0,dorian-grosber
2497,22,Will,Mcdowell-white,31,BER,ALBA Berlin,G,1,0.0,156.60,419,8,126,83,38,14,2,6,49,49.00,111,111.00,23,23.00,64,64.00,5,5.00,5,5.00,6,32,28,29,16,-133,44.1,35.9,100.0,will-mcdowell-white
2533,28,David,Mccormack,31,BER,ALBA Berlin,C,3,0.0,272.20,457,20,236,16,130,23,3,7,93,93.00,156,156.00,0,0,2,2.00,50,50.00,69,69.00,45,85,47,74,70,-114,59.6,0.0,72.5,david-mccormack
2638,7,Robert,Baker Ii,31,BER,ALBA Berlin,F,2,0.0,40.50,99,3,43,2,19,3,2,1,16,16.00,34,34.00,10,10.00,21,21.00,1,1.00,2,2.00,8,11,1,12,3,-69,47.1,47.6,50.0,robert-baker-ii
1218,28,Shane,Larkin,32,EFS,Anadolu Efes Istanbul,G,1,0.0,463.50,734,11,328,127,72,33,1,8,109,109.00,253,253.00,57,57.00,145,145.00,53,53.00,61,61.00,10,62,49,26,108,146,43.1,39.3,86.9,shane-larkin
1237,39,Vincent,Poirier,32,EFS,Anadolu Efes Istanbul,C,3,0.0,550.80,833,35,370,47,194,22,50,10,147,147.00,228,228.00,0,0,5,5.00,76,76.00,108,108.00,77,117,37,86,86,75,64.5,0.0,70.4,vincent-poirier
1253,39,Darius,Thompson,32,EFS,Anadolu Efes Istanbul,G,1,0.0,486.10,1027,36,370,175,77,36,17,8,134,134.00,269,269.00,60,60.00,136,136.00,42,42.00,53,53.00,22,55,47,75,59,125,49.8,44.1,79.2,darius-thompson
1279,39,Rolands,Smits,32,EFS,Anadolu Efes Istanbul,F,2,0.0,278.80,708,4,267,36,96,11,3,6,95,95.00,176,176.00,32,32.00,83,83.00,45,45.00,55,55.00,25,71,37,87,68,31,54.0,38.6,81.8,rolands-smits
1389,38,Elijah,Bryant,32,EFS,Anadolu Efes Istanbul,G,1,0.0,582.30,1027,31,526,119,161,44,9,18,185,185.00,417,417.00,57,57.00,156,156.00,99,99.00,110,110.00,24,137,85,104,140,81,44.4,36.5,90.0,elijah-bryant
1391,33,Rodrigue,Beaubois,32,EFS,Anadolu Efes Istanbul,G,1,0.0,286.80,623,11,293,53,47,24,10,3,109,109.00,214,214.00,56,56.00,122,122.00,19,19.00,22,22.00,6,41,17,63,32,78,50.9,45.9,86.4,rodrigue-beaubois
1603,13,Erkan,Yilmaz,32,EFS,Anadolu Efes Istanbul,F,2,0.0,40.60,56,1,21,9,13,8,1,0,8,8.00,11,11.00,4,4.00,6,6.00,1,1.00,6,6.00,4,9,2,8,4,22,72.7,66.7,16.7,erkan-yilmaz
1611,2,Ridvan,Oncel,32,EFS,Anadolu Efes Istanbul,G,1,0.0,3.20,14,0,4,1,0,1,0,0,2,2.00,2,2.00,0,0,0,0,0,0,0,0,0,0,3,1,1,-10,100.0,0.0,0.0,ridvan-oncel
1654,27,Derek,Willis,32,EFS,Anadolu Efes Istanbul,F,2,0.0,123.90,311,1,85,10,65,10,7,0,30,30.00,69,69.00,11,11.00,35,35.00,14,14.00,21,21.00,23,42,13,22,22,60,43.5,31.4,66.7,derek-willis
2060,18,Pj,Dozier,32,EFS,Anadolu Efes Istanbul,G,1,0.0,171.40,332,4,150,52,40,12,5,4,55,55.00,106,106.00,19,19.00,37,37.00,21,21.00,24,24.00,9,31,29,46,33,64,51.9,51.4,87.5,pj-dozier
2100,39,Ercan,Osmani,32,EFS,Anadolu Efes Istanbul,F,2,0.0,287.50,647,35,253,39,113,18,7,7,93,93.00,189,189.00,29,29.00,74,74.00,38,38.00,41,41.00,34,79,39,68,51,50,49.2,39.2,92.7,ercan-osmani
2214,38,Dan,Oturu,32,EFS,Anadolu Efes Istanbul,C,3,0.0,447.80,630,4,333,20,158,18,39,12,136,136.00,191,191.00,0,0,1,1.00,61,61.00,89,89.00,75,83,41,93,83,89,71.2,0.0,68.5,dan-oturu
2494,10,Dogus,Ozdemiroglu,32,EFS,Anadolu Efes Istanbul,G,1,0.0,10.70,58,0,19,5,5,4,0,0,6,6.00,21,21.00,3,3.00,14,14.00,4,4.00,7,7.00,2,3,3,13,10,-7,28.6,21.4,57.1,dogus-ozdemiroglu
2495,17,Stanley,Johnson,32,EFS,Anadolu Efes Istanbul,F,2,0.0,22.10,133,5,33,5,19,6,1,1,11,11.00,35,35.00,2,2.00,15,15.00,9,9.00,13,13.00,6,13,6,17,9,-13,31.4,13.3,69.2,stanley-johnson
2496,37,Jordan,Nwora,32,EFS,Anadolu Efes Istanbul,F,2,0.0,269.90,622,15,281,29,122,19,6,5,104,104.00,243,243.00,41,41.00,119,119.00,32,32.00,37,37.00,22,100,48,44,37,-16,42.8,34.5,86.5,jordan-nwora
1236,17,Petr,Cornelie,33,ASM,AS Monaco,F,2,4.0,70.20,168,5,49,11,35,6,1,0,14,14.00,26,26.00,3,3.00,12,12.00,18,18.00,23,23.00,16,19,6,30,16,30,53.8,25.0,78.3,petr-cornelie
1265,29,Georgios,Papagiannis,33,ASM,AS Monaco,C,3,8.5,273.80,479,2,211,15,99,14,39,3,91,91.00,148,148.00,11,11.00,28,28.00,18,18.00,20,20.00,31,68,18,66,23,45,61.5,39.3,90.0,georgios-papagiannis
1288,31,Mam,Jaiteh,33,ASM,AS Monaco,C,3,8.2,297.80,454,7,234,18,123,14,8,7,99,99.00,151,151.00,0,0,0,0,36,36.00,57,57.00,48,75,34,65,61,26,65.6,0.0,63.2,mam-jaiteh
1356,13,Nick,Calathes,33,ASM,AS Monaco,G,1,6.3,62.70,228,7,48,50,29,11,1,2,21,21.00,58,58.00,6,6.00,29,29.00,0,0,2,2.00,4,25,19,26,5,6,36.2,20.7,0.0,nick-calathes
1450,41,Mike,James,33,ASM,AS Monaco,G,1,17.4,759.30,1203,41,653,236,121,45,2,23,210,210.00,529,529.00,76,76.00,230,230.00,157,157.00,199,199.00,14,107,77,72,191,53,39.7,33.0,78.9,mike-james
1452,41,Matthew,Strazel,33,ASM,AS Monaco,G,1,8.1,352.50,830,9,341,98,50,21,1,11,107,107.00,238,238.00,57,57.00,139,139.00,70,70.00,83,83.00,19,31,43,81,98,34,45.0,41.0,84.3,matthew-strazel
1454,29,Donatas,Motiejunas,33,ASM,AS Monaco,C,3,6.7,233.50,427,24,186,27,91,10,8,3,76,76.00,132,132.00,9,9.00,19,19.00,25,25.00,46,46.00,35,56,26,57,59,16,57.6,47.4,54.3,donatas-motiejunas
1455,35,Alpha,Diallo,33,ASM,AS Monaco,F,2,11.6,455.70,930,27,403,61,140,36,11,13,162,162.00,288,288.00,33,33.00,75,75.00,46,46.00,69,69.00,52,88,42,106,87,36,56.3,44.0,66.7,alpha-diallo
1457,40,Jaron,Blossomgame,33,ASM,AS Monaco,F,2,9.2,387.90,963,25,309,21,165,18,7,7,124,124.00,240,240.00,24,24.00,77,77.00,37,37.00,58,58.00,52,113,18,82,89,73,51.7,31.2,63.8,jaron-blossomgame
1458,35,Jordan,Loyd,33,ASM,AS Monaco,G,1,8.5,335.90,742,19,329,60,101,21,4,3,107,107.00,241,241.00,45,45.00,122,122.00,70,70.00,78,78.00,21,80,38,99,81,125,44.4,36.9,89.7,jordan-loyd
1459,35,Elie,Okobo,33,ASM,AS Monaco,G,1,12.4,501.00,881,9,437,144,65,37,6,6,147,147.00,319,319.00,42,42.00,108,108.00,101,101.00,115,115.00,4,61,63,74,108,81,46.1,38.9,87.8,elie-okobo
1648,10,Juhann,Begarin,33,ASM,AS Monaco,G,1,4.0,-4.10,43,0,6,2,12,1,0,1,2,2.00,14,14.00,0,0,7,7.00,2,2.00,4,4.00,5,7,4,10,3,-2,14.3,0.0,50.0,juhann-begarin
2104,23,Terry,Tarpey,33,ASM,AS Monaco,G,1,4.0,98.40,266,6,51,10,52,22,7,1,16,16.00,36,36.00,8,8.00,21,21.00,11,11.00,15,15.00,17,35,1,38,13,61,44.4,38.1,73.3,terry-tarpey
2492,23,Vitto,Brown,33,ASM,AS Monaco,F,2,4.2,111.90,315,11,102,15,58,10,5,2,35,35.00,89,89.00,12,12.00,43,43.00,20,20.00,25,25.00,19,39,12,34,19,53,39.3,27.9,80.0,vitto-brown
2629,15,Daniel,Theis,33,ASM,AS Monaco,C,3,11.5,201.30,342,14,176,11,82,4,11,4,58,58.00,104,104.00,11,11.00,26,26.00,49,49.00,61,61.00,23,59,26,53,46,21,55.8,42.3,80.3,daniel-theis
1192,6,Pavel,Savkov,34,BKN,Baskonia Vitoria-Gasteiz,F,2,0.0,1.40,26,1,11,0,3,0,0,0,4,4.00,11,11.00,3,3.00,8,8.00,0,0,1,1.00,0,3,2,5,1,-14,36.4,37.5,0.0,pavel-savkov
1195,33,Chima,Moneke,34,BKN,Baskonia Vitoria-Gasteiz,F,2,0.0,641.20,931,29,462,76,200,29,9,14,149,149.00,301,301.00,38,38.00,129,129.00,126,126.00,155,155.00,71,129,61,60,155,-55,49.5,29.5,81.3,chima-moneke
1206,26,Timothe,Luwawu-cabarrot,34,BKN,Baskonia Vitoria-Gasteiz,F,2,0.0,200.00,648,19,259,53,82,20,4,13,93,93.00,237,237.00,34,34.00,101,101.00,39,39.00,46,46.00,28,54,52,63,51,-1,39.2,33.7,84.8,timothe-luwawu-cabarrot
1208,2,Joseba,Querejeta,34,BKN,Baskonia Vitoria-Gasteiz,G,1,0.0,-0.50,5,0,2,2,0,0,0,0,1,1.00,3,3.00,0,0,1,1.00,0,0,0,0,0,0,2,2,1,-5,33.3,0.0,0.0,joseba-querejeta
1215,12,Ousmane,Ndiaye,34,BKN,Baskonia Vitoria-Gasteiz,C,3,0.0,44.30,115,3,31,5,31,2,4,0,14,14.00,36,36.00,3,3.00,17,17.00,0,0,0,0,12,19,3,10,4,-22,38.9,17.6,0.0,ousmane-ndiaye
1234,14,Sander,Raieste,34,BKN,Baskonia Vitoria-Gasteiz,F,2,0.0,23.10,134,2,37,9,11,3,1,2,12,12.00,27,27.00,9,9.00,21,21.00,4,4.00,5,5.00,2,9,6,20,5,-46,44.4,42.9,80.0,sander-raieste
1254,25,Tadas,Sedekerskis,34,BKN,Baskonia Vitoria-Gasteiz,F,2,0.0,302.60,610,21,184,42,119,8,5,9,69,69.00,126,126.00,20,20.00,45,45.00,26,26.00,35,35.00,35,84,23,20,48,-55,54.8,44.4,74.3,tadas-sedekerskis
1426,32,Markus,Howard,34,BKN,Baskonia Vitoria-Gasteiz,G,1,0.0,213.80,715,18,387,48,42,11,0,19,128,128.00,344,344.00,80,80.00,236,236.00,51,51.00,60,60.00,8,34,46,73,72,-32,37.2,33.9,85.0,markus-howard
1435,22,Ognjen,Jaramaz,34,BKN,Baskonia Vitoria-Gasteiz,G,1,0.0,33.90,222,0,43,36,12,10,1,1,15,15.00,57,57.00,6,6.00,26,26.00,7,7.00,11,11.00,6,6,13,30,19,-37,26.3,23.1,63.6,ognjen-jaramaz
1451,34,Donta,Hall,34,BKN,Baskonia Vitoria-Gasteiz,C,3,0.0,510.10,731,20,297,30,182,18,38,5,115,115.00,162,162.00,0,0,1,1.00,67,67.00,97,97.00,64,118,25,59,89,-80,71.0,0.0,69.1,donta-hall
1710,32,Khalifa,Diop,34,BKN,Baskonia Vitoria-Gasteiz,C,3,0.0,194.60,463,11,131,15,116,11,16,10,56,56.00,91,91.00,0,0,2,2.00,19,19.00,36,36.00,55,61,23,64,45,61,61.5,0.0,52.8,khalifa-diop
2017,25,Kamar,Baldwin,34,BKN,Baskonia Vitoria-Gasteiz,G,1,0.0,171.30,535,13,178,93,42,22,5,4,69,69.00,180,180.00,20,20.00,66,66.00,20,20.00,25,25.00,4,38,23,61,25,58,38.3,30.3,80.0,kamar-baldwin
2101,33,Nikolaos,Rogkavopoulos,34,BKN,Baskonia Vitoria-Gasteiz,F,2,0.0,330.00,618,2,320,32,129,16,2,9,113,113.00,240,240.00,64,64.00,147,147.00,30,30.00,37,37.00,41,88,18,50,30,46,47.1,43.5,81.1,nikolaos-rogkavopoulos
2490,34,Trent,Forrest,34,BKN,Baskonia Vitoria-Gasteiz,G,1,0.0,415.60,843,28,329,160,95,28,8,16,128,128.00,267,267.00,19,19.00,58,58.00,54,54.00,66,66.00,15,80,66,65,74,16,47.9,32.8,81.8,trent-forrest
2606,15,Luka,Samanic,34,BKN,Baskonia Vitoria-Gasteiz,C,3,0.0,133.40,228,3,136,16,48,7,7,7,53,53.00,111,111.00,10,10.00,30,30.00,20,20.00,29,29.00,19,29,18,18,25,-14,47.7,33.3,69.0,luka-samanic
1222,19,Milos,Teodosic,35,CZV,Crvena Zvezda Meridianbet Belgrade,G,1,0.0,77.30,234,0,90,52,18,5,1,1,26,26.00,75,75.00,19,19.00,54,54.00,19,19.00,23,23.00,1,17,22,40,25,1,34.7,35.2,82.6,milos-teodosic
1269,35,Nikola,Kalinic,35,CZV,Crvena Zvezda Meridianbet Belgrade,F,2,0.0,428.60,952,35,316,91,146,29,6,9,111,111.00,215,215.00,40,40.00,92,92.00,54,54.00,80,80.00,45,101,59,79,96,-9,51.6,43.5,67.5,nikola-kalinic
1335,18,Joel,Bolomboy,35,CZV,Crvena Zvezda Meridianbet Belgrade,C,3,0.0,318.50,437,16,183,11,151,17,15,1,76,76.00,116,116.00,3,3.00,8,8.00,28,28.00,38,38.00,61,90,25,45,42,49,65.5,37.5,73.7,joel-bolomboy
1343,35,Isaiah,Canaan,35,CZV,Crvena Zvezda Meridianbet Belgrade,G,1,0.0,249.90,736,8,349,46,52,21,1,8,114,114.00,277,277.00,70,70.00,183,183.00,51,51.00,59,59.00,12,40,32,66,41,6,41.2,38.3,86.4,isaiah-canaan
1410,32,Filip,Petrusev,35,CZV,Crvena Zvezda Meridianbet Belgrade,F,2,0.0,495.40,645,12,415,50,147,23,16,10,148,148.00,269,269.00,15,15.00,56,56.00,104,104.00,154,154.00,55,92,40,80,120,-1,55.0,26.8,67.5,filip-petrusev
1412,27,Nemanja,Nedovic,35,CZV,Crvena Zvezda Meridianbet Belgrade,G,1,0.0,237.90,502,11,248,77,39,13,2,8,82,82.00,192,192.00,45,45.00,115,115.00,39,39.00,48,48.00,13,26,36,52,60,57,42.7,39.1,81.3,nemanja-nedovic
1413,27,Ognjen,Dobric,35,CZV,Crvena Zvezda Meridianbet Belgrade,G,1,0.0,66.70,299,13,94,12,29,13,2,1,36,36.00,83,83.00,13,13.00,45,45.00,9,9.00,12,12.00,7,22,17,35,15,-17,43.4,28.9,75.0,ognjen-dobric
1416,10,Branko,Lazic,35,CZV,Crvena Zvezda Meridianbet Belgrade,G,1,0.0,13.80,54,1,11,1,8,3,0,0,4,4.00,7,7.00,3,3.00,4,4.00,0,0,0,0,2,6,2,8,3,-1,57.1,75.0,0.0,branko-lazic
1417,25,Luka,Mitrovic,35,CZV,Crvena Zvezda Meridianbet Belgrade,F,2,0.0,196.20,314,2,141,24,73,6,6,5,52,52.00,80,80.00,0,0,0,0,37,37.00,55,55.00,27,46,24,45,55,-24,65.0,0.0,67.3,luka-mitrovic
1422,34,Rokas,Giedraitis,35,CZV,Crvena Zvezda Meridianbet Belgrade,F,2,0.0,181.10,537,2,162,26,69,24,5,4,53,53.00,124,124.00,24,24.00,68,68.00,32,32.00,44,44.00,18,51,9,54,34,29,42.7,35.3,72.7,rokas-giedraitis
1460,17,John,Brown Iii,35,CZV,Crvena Zvezda Meridianbet Belgrade,F,2,0.0,108.00,252,9,68,15,45,12,0,3,22,22.00,52,52.00,0,0,0,0,24,24.00,34,34.00,28,17,7,19,31,-14,42.3,0.0,70.6,john-brown-iii
1526,35,Yago,Dos Santos,35,CZV,Crvena Zvezda Meridianbet Belgrade,G,1,0.0,274.20,569,1,220,114,55,17,0,8,71,71.00,184,184.00,34,34.00,87,87.00,44,44.00,54,54.00,8,47,42,48,77,60,38.6,39.1,81.5,yago-dos-santos
2099,28,Dejan,Davidovac,35,CZV,Crvena Zvezda Meridianbet Belgrade,F,2,0.0,133.00,351,10,107,15,49,10,5,2,37,37.00,66,66.00,10,10.00,25,25.00,23,23.00,28,28.00,8,41,9,44,27,59,56.1,40.0,82.1,dejan-davidovac
2102,35,Codi,Miller-mcintyre,35,CZV,Crvena Zvezda Meridianbet Belgrade,G,1,0.0,369.00,888,34,359,160,110,22,0,13,145,145.00,330,330.00,39,39.00,128,128.00,30,30.00,42,42.00,22,88,74,80,62,23,43.9,30.5,71.4,codi-miller-mcintyre
2210,19,Mike,Daum,35,CZV,Crvena Zvezda Meridianbet Belgrade,F,2,0.0,105.20,286,15,112,5,52,3,2,5,42,42.00,92,92.00,13,13.00,42,42.00,15,15.00,15,15.00,17,35,13,28,19,25,45.7,31.0,100.0,mike-daum
1238,22,Fabien,Causeur,36,EA7,EA7 Emporio Armani Milan,G,1,0.0,231.80,462,2,182,37,61,23,3,4,62,62.00,110,110.00,28,28.00,53,53.00,30,30.00,39,39.00,14,47,19,43,35,5,56.4,52.8,76.9,fabien-causeur
1246,4,Josh,Nebo,36,EA7,EA7 Emporio Armani Milan,C,3,0.0,42.60,77,3,33,3,18,1,4,0,14,14.00,23,23.00,0,0,0,0,5,5.00,10,10.00,8,10,4,9,10,-17,60.9,0.0,50.0,josh-nebo
1268,30,Nikola,Mirotic,36,EA7,EA7 Emporio Armani Milan,F,2,0.0,697.20,825,30,531,59,192,30,10,6,160,160.00,337,337.00,61,61.00,157,157.00,150,150.00,168,168.00,53,139,56,53,147,109,47.5,38.9,89.3,nikola-mirotic
1292,27,Niccolo,Mannion,36,EA7,EA7 Emporio Armani Milan,G,1,0.0,227.30,595,23,230,107,39,20,1,5,80,80.00,177,177.00,29,29.00,88,88.00,41,41.00,50,50.00,4,35,61,68,54,53,45.2,33.0,82.0,niccolo-mannion
1330,34,Zach,Leday,36,EA7,EA7 Emporio Armani Milan,F,2,0.0,702.70,940,23,545,40,152,25,4,12,164,164.00,324,324.00,55,55.00,119,119.00,162,162.00,177,177.00,24,128,44,67,193,-42,50.6,46.2,91.5,zach-leday
1396,28,Shavon,Shields,36,EA7,EA7 Emporio Armani Milan,F,2,0.0,391.90,772,28,335,73,100,19,1,5,118,118.00,243,243.00,43,43.00,102,102.00,56,56.00,77,77.00,16,84,43,41,79,-54,48.6,42.2,72.7,shavon-shields
1399,32,Giampaolo,Ricci,36,EA7,EA7 Emporio Armani Milan,F,2,0.0,111.00,484,15,114,14,79,12,7,1,41,41.00,81,81.00,26,26.00,58,58.00,6,6.00,6,6.00,18,61,12,80,11,19,50.6,44.8,100.0,giampaolo-ricci
1402,27,Stefano,Tonut,36,EA7,EA7 Emporio Armani Milan,G,1,0.0,126.20,416,6,87,31,52,9,2,3,34,34.00,67,67.00,14,14.00,31,31.00,5,5.00,9,9.00,11,41,8,31,19,-3,50.7,45.2,55.6,stefano-tonut
1427,20,Freddie,Gillespie,36,EA7,EA7 Emporio Armani Milan,C,3,0.0,76.40,244,9,58,10,45,10,13,2,24,24.00,39,39.00,0,0,0,0,10,10.00,17,17.00,26,19,15,45,18,-44,61.5,0.0,58.8,freddie-gillespie
1737,13,Diego,Flaccadori,36,EA7,EA7 Emporio Armani Milan,G,1,0.0,14.60,113,0,23,14,7,4,0,2,9,9.00,27,27.00,5,5.00,12,12.00,0,0,1,1.00,1,6,6,12,4,-15,33.3,41.7,0.0,diego-flaccadori
2061,4,Giordano,Bortolani,36,EA7,EA7 Emporio Armani Milan,G,1,0.0,17.50,31,0,17,3,3,0,1,0,7,7.00,13,13.00,2,2.00,4,4.00,1,1.00,2,2.00,3,0,1,2,3,6,53.8,50.0,50.0,giordano-bortolani
2080,25,Leandro,Bolmaro,36,EA7,EA7 Emporio Armani Milan,G,1,0.0,231.90,560,18,173,77,59,27,5,6,67,67.00,152,152.00,8,8.00,36,36.00,31,31.00,46,46.00,11,48,29,47,62,-24,44.1,22.2,67.4,leandro-bolmaro
2217,22,Guglielmo,Caruso,36,EA7,EA7 Emporio Armani Milan,F,2,0.0,63.40,171,1,58,6,32,4,12,4,25,25.00,33,33.00,0,0,0,0,8,8.00,12,12.00,19,13,9,40,13,-31,75.8,0.0,66.7,guglielmo-caruso
2534,18,Ousmane,Diop,36,EA7,EA7 Emporio Armani Milan,F,2,0.0,67.60,160,1,65,9,35,6,2,0,26,26.00,37,37.00,0,0,0,0,13,13.00,18,18.00,17,18,13,42,16,-45,70.3,0.0,72.2,ousmane-diop
2535,32,Armoni,Brooks,36,EA7,EA7 Emporio Armani Milan,G,1,0.0,208.70,480,3,244,25,65,16,3,7,83,83.00,193,193.00,50,50.00,121,121.00,28,28.00,29,29.00,14,51,17,45,23,8,43.0,41.3,96.6,armoni-brooks
2536,27,Neno,Dimitrijevic,36,EA7,EA7 Emporio Armani Milan,G,1,0.0,184.50,455,7,204,77,42,11,0,5,69,69.00,189,189.00,18,18.00,76,76.00,48,48.00,55,55.00,8,34,41,33,48,-136,36.5,23.7,87.3,neno-dimitrijevic
2586,1,Achille,Lonati,36,EA7,EA7 Emporio Armani Milan,G,1,0.0,-2.70,2,0,0,1,0,0,0,1,0,0,3,3.00,0,0,1,1.00,0,0,0,0,0,0,0,0,0,-3,0.0,0.0,0.0,achille-lonati
1228,24,Jan,Vesely,37,BAR,FC Barcelona,C,3,0.0,296.00,508,13,216,46,87,26,11,1,87,87.00,157,157.00,7,7.00,14,14.00,35,35.00,46,46.00,26,61,22,55,52,29,55.4,50.0,76.1,jan-vesely
1331,37,Kevin,Punter,37,BAR,FC Barcelona,G,1,0.0,645.30,1002,33,615,111,81,47,1,14,201,201.00,430,430.00,78,78.00,202,202.00,135,135.00,143,143.00,12,69,60,83,149,111,46.7,38.6,94.4,kevin-punter
1373,37,Alex,Abrines,37,BAR,FC Barcelona,F,2,0.0,166.90,629,18,166,26,77,20,4,3,53,53.00,131,131.00,39,39.00,103,103.00,21,21.00,23,23.00,29,48,12,90,46,58,40.5,37.9,91.3,alex-abrines
1374,4,Nicolas,Laprovittola,37,BAR,FC Barcelona,G,1,0.0,56.30,88,0,40,25,4,4,0,0,14,14.00,25,25.00,7,7.00,13,13.00,5,5.00,8,8.00,1,3,8,11,13,25,56.0,53.8,62.5,nicolas-laprovittola
1375,39,Tomas,Satoransky,37,BAR,FC Barcelona,G,1,0.0,401.60,925,34,232,204,126,37,4,4,90,90.00,202,202.00,25,25.00,72,72.00,27,27.00,40,40.00,32,94,70,90,64,91,44.6,34.7,67.5,tomas-satoransky
1443,29,Youssoupha,Fall,37,BAR,FC Barcelona,C,3,0.0,162.30,303,18,128,1,97,2,7,3,54,54.00,77,77.00,0,0,0,0,20,20.00,30,30.00,40,57,25,52,28,29,70.1,0.0,66.7,youssoupha-fall
1568,25,Juan,Nunez,37,BAR,FC Barcelona,G,1,0.0,193.30,389,5,124,84,63,20,0,3,50,50.00,113,113.00,11,11.00,40,40.00,13,13.00,20,20.00,15,48,33,52,51,1,44.2,27.5,65.0,juan-nunez
1699,31,Joel,Parra,37,BAR,FC Barcelona,F,2,0.0,179.80,464,6,152,19,88,18,3,6,62,62.00,133,133.00,11,11.00,46,46.00,17,17.00,22,22.00,28,60,11,44,26,21,46.6,23.9,77.3,joel-parra
2112,39,Jabari,Parker,37,BAR,FC Barcelona,F,2,0.0,515.30,1061,38,539,68,156,32,9,13,207,207.00,433,433.00,75,75.00,196,196.00,50,50.00,63,63.00,38,118,60,75,68,59,47.8,38.3,79.4,jabari-parker
2113,34,Willy,Hernangomez,37,BAR,FC Barcelona,C,3,0.0,387.60,538,8,280,18,141,19,4,7,107,107.00,168,168.00,0,0,1,1.00,66,66.00,98,98.00,58,83,38,63,105,84,63.7,0.0,67.3,willy-hernangomez
2114,36,Dario,Brizuela,37,BAR,FC Barcelona,G,1,0.0,326.40,660,0,361,79,50,14,3,10,129,129.00,261,261.00,64,64.00,139,139.00,39,39.00,49,49.00,10,40,47,71,67,105,49.4,46.0,79.6,dario-brizuela
2226,37,Justin Lamar,Anderson,37,BAR,FC Barcelona,F,2,0.0,332.00,724,18,264,51,102,25,10,4,98,98.00,182,182.00,31,31.00,75,75.00,37,37.00,42,42.00,25,77,20,68,42,-38,53.8,41.3,88.1,justin-lamar-anderson
2525,24,Chimezie,Metu,37,BAR,FC Barcelona,F,2,0.0,300.40,481,2,263,23,115,15,14,4,108,108.00,196,196.00,20,20.00,55,55.00,27,27.00,36,36.00,24,91,40,48,42,16,55.1,36.4,75.0,chimezie-metu
2600,7,Raul,Villar,37,BAR,FC Barcelona,G,1,0.0,-0.90,14,0,3,0,0,0,0,0,1,1.00,2,2.00,0,0,1,1.00,1,1.00,4,4.00,0,0,2,2,4,-11,50.0,0.0,25.0,raul-villar
2633,2,Mathieu,Grujicic,37,BAR,FC Barcelona,G,1,0.0,2.00,2,0,3,0,1,0,0,0,1,1.00,2,2.00,0,0,1,1.00,1,1.00,2,2.00,0,1,0,1,1,-1,50.0,0.0,50.0,mathieu-grujicic
1187,33,Shabazz,Napier,38,BAY,FC Bayern Munich,G,1,0.0,402.90,680,3,341,106,75,37,0,9,102,102.00,219,219.00,53,53.00,129,129.00,84,84.00,89,89.00,16,59,62,68,84,-63,46.6,41.1,94.4,shabazz-napier
1209,25,Niels,Giffey,38,BAY,FC Bayern Munich,F,2,0.0,141.70,455,8,161,23,46,5,5,5,57,57.00,101,101.00,33,33.00,57,57.00,14,14.00,18,18.00,13,33,19,64,29,-14,56.4,57.9,77.8,niels-giffey
1232,35,Carsen,Edwards,38,BAY,FC Bayern Munich,G,1,0.0,627.10,1009,31,713,115,82,34,2,31,251,251.00,561,561.00,100,100.00,281,281.00,111,111.00,122,122.00,19,63,81,74,148,43,44.7,35.6,91.0,carsen-edwards
1240,34,Nick,Weiler-babb,38,BAY,FC Bayern Munich,G,1,0.0,468.70,896,34,280,168,141,52,2,4,98,98.00,205,205.00,60,60.00,138,138.00,24,24.00,33,33.00,43,98,55,85,54,118,47.8,43.5,72.7,nick-weiler-babb
1355,28,Devin,Booker,38,BAY,FC Bayern Munich,C,3,0.0,478.20,735,28,418,46,132,20,6,8,153,153.00,285,285.00,32,32.00,79,79.00,80,80.00,97,97.00,51,81,46,75,109,-23,53.7,40.5,82.5,devin-booker
1379,25,Oscar,Da Silva,38,BAY,FC Bayern Munich,F,2,0.0,152.30,387,5,121,12,77,12,6,5,51,51.00,88,88.00,6,6.00,19,19.00,13,13.00,19,19.00,29,48,19,52,32,4,58.0,31.6,68.4,oscar-da-silva
1393,36,Johannes,Voigtmann,38,BAY,FC Bayern Munich,C,3,0.0,348.20,851,32,234,87,178,19,7,6,88,88.00,192,192.00,38,38.00,109,109.00,20,20.00,29,29.00,42,136,53,63,40,17,45.8,34.9,69.0,johannes-voigtmann
1428,28,Elias,Harris,38,BAY,FC Bayern Munich,C,3,0.0,131.70,275,5,114,13,42,4,0,4,40,40.00,66,66.00,1,1.00,6,6.00,33,33.00,37,37.00,19,23,9,35,29,42,60.6,16.7,89.2,elias-harris
1432,36,Andreas,Obst,38,BAY,FC Bayern Munich,G,1,0.0,270.00,859,17,368,53,68,19,0,8,123,123.00,291,291.00,102,102.00,240,240.00,20,20.00,27,27.00,15,53,44,77,47,-89,42.3,42.5,74.1,andreas-obst
1433,16,Vladimir,Lucic,38,BAY,FC Bayern Munich,F,2,0.0,204.10,411,15,120,23,77,17,0,1,36,36.00,81,81.00,12,12.00,41,41.00,36,36.00,42,42.00,14,63,15,30,49,8,44.4,29.3,85.7,vladimir-lucic
1642,12,Onuralp,Bitim,38,BAY,FC Bayern Munich,G,1,0.0,11.50,102,1,25,1,11,1,1,2,10,10.00,23,23.00,4,4.00,11,11.00,1,1.00,1,1.00,4,7,9,12,8,-47,43.5,36.4,100.0,onuralp-bitim
2078,26,Danko,Brankovic,38,BAY,FC Bayern Munich,C,3,0.0,126.80,237,1,113,6,56,7,13,1,44,44.00,70,70.00,2,2.00,8,8.00,23,23.00,30,30.00,27,29,14,50,22,-66,62.9,25.0,76.7,danko-brankovic
2202,23,Ivan,Kharchenkov,38,BAY,FC Bayern Munich,G,1,0.0,32.20,161,0,66,12,17,4,2,6,25,25.00,53,53.00,6,6.00,21,21.00,10,10.00,17,17.00,2,15,21,26,15,-55,47.2,28.6,58.8,ivan-kharchenkov
2618,1,Ivan,Volf,38,BAY,FC Bayern Munich,G,1,0.0,4.00,7,0,4,0,1,0,0,0,2,2.00,2,2.00,0,0,0,0,0,0,0,0,1,0,1,0,0,-8,100.0,0.0,0.0,ivan-volf
1346,39,Bonzie,Colson,39,FBB,Fenerbahce Beko Istanbul,F,2,7.6,285.60,720,35,260,21,137,26,10,5,100,100.00,234,234.00,35,35.00,98,98.00,25,25.00,38,38.00,44,93,30,56,49,-39,42.7,35.7,65.8,bonzie-colson
1354,27,Wade,Baldwin Iv,39,FBB,Fenerbahce Beko Istanbul,G,1,11.6,319.40,654,13,300,101,72,24,3,7,106,106.00,251,251.00,25,25.00,81,81.00,63,63.00,79,79.00,17,55,58,57,81,20,42.2,30.9,79.7,wade-baldwin-iv
1357,36,Marko,Guduric,39,FBB,Fenerbahce Beko Istanbul,G,1,10.7,463.80,793,25,391,112,94,26,2,10,126,126.00,259,259.00,48,48.00,125,125.00,91,91.00,103,103.00,15,79,72,87,116,105,48.6,38.4,88.3,marko-guduric
1358,25,Dyshawn,Pierre,39,FBB,Fenerbahce Beko Istanbul,F,2,5.7,130.80,289,1,83,20,51,7,4,4,28,28.00,64,64.00,11,11.00,30,30.00,16,16.00,17,17.00,14,37,9,20,24,51,43.8,36.7,94.1,dyshawn-pierre
1359,37,Tarik,Biberovic,39,FBB,Fenerbahce Beko Istanbul,F,2,8.8,338.80,832,7,384,52,114,19,6,6,137,137.00,296,296.00,80,80.00,185,185.00,30,30.00,36,36.00,32,82,45,86,38,100,46.3,43.2,83.3,tarik-biberovic
1360,39,Nigel,Hayes-davis,39,FBB,Fenerbahce Beko Istanbul,F,2,17.2,768.10,1222,39,650,65,206,44,13,17,215,215.00,471,471.00,91,91.00,222,222.00,129,129.00,142,142.00,55,151,55,82,158,86,45.6,41.0,90.8,nigel-hayes-davis
1362,6,Melih,Mahmutoglu,39,FBB,Fenerbahce Beko Istanbul,G,1,4.0,6.30,33,1,14,1,2,0,0,0,5,5.00,12,12.00,4,4.00,10,10.00,0,0,0,0,1,1,2,4,2,0,41.7,40.0,0.0,melih-mahmutoglu
1365,1,Scottie,Wilbekin,39,FBB,Fenerbahce Beko Istanbul,G,1,6.9,0.00,2,0,0,0,0,0,0,0,0,0,0,0,0,0,0,0,0,0,0,0,0,0,1,0,1,-3,0.0,0.0,0.0,scottie-wilbekin
1366,2,Metecan,Birsen,39,FBB,Fenerbahce Beko Istanbul,F,2,4.0,5.70,7,0,4,0,4,0,0,0,1,1.00,2,2.00,0,0,0,0,2,2.00,2,2.00,2,2,1,2,1,26,50.0,0.0,100.0,metecan-birsen
1377,33,Sertac,Sanli,39,FBB,Fenerbahce Beko Istanbul,C,3,5.0,188.60,431,17,182,22,80,14,15,4,64,64.00,129,129.00,22,22.00,61,61.00,32,32.00,41,41.00,31,49,20,76,36,-25,49.6,36.1,78.0,sertac-sanli
1398,32,Devon,Hall,39,FBB,Fenerbahce Beko Istanbul,G,1,8.4,302.90,751,15,249,106,70,16,2,4,88,88.00,190,190.00,36,36.00,93,93.00,37,37.00,45,45.00,22,48,41,67,58,62,46.3,38.7,82.2,devon-hall
1401,38,Nicolo,Melli,39,FBB,Fenerbahce Beko Istanbul,F,2,8.5,280.00,657,1,188,43,154,21,15,0,70,70.00,146,146.00,31,31.00,83,83.00,17,17.00,28,28.00,49,105,28,105,56,100,47.9,37.3,60.7,nicolo-melli
1928,22,Arturs,Zagars,39,FBB,Fenerbahce Beko Istanbul,G,1,6.0,136.80,328,13,129,51,25,9,1,1,34,34.00,96,96.00,22,22.00,68,68.00,39,39.00,52,52.00,8,17,29,44,62,-4,35.4,32.4,75.0,arturs-zagars
2238,3,Mert,Eksioglu,39,FBB,Fenerbahce Beko Istanbul,G,1,0.0,0.00,10,0,0,0,0,0,0,0,0,0,0,0,0,0,0,0,0,0,0,0,0,0,0,0,0,-9,0.0,0.0,0.0,mert-eksioglu
2486,36,Khem,Birch,39,FBB,Fenerbahce Beko Istanbul,C,3,6.3,200.50,492,19,125,21,132,15,15,1,48,48.00,82,82.00,0,0,0,0,29,29.00,40,40.00,59,73,31,83,40,10,58.5,0.0,72.5,khem-birch
2619,18,Errick,Mccollum,39,FBB,Fenerbahce Beko Istanbul,G,1,11.3,219.50,332,5,200,32,38,10,8,5,70,70.00,143,143.00,28,28.00,71,71.00,32,32.00,38,38.00,14,24,13,29,41,96,49.0,39.4,84.2,errick-mccollum
2626,10,Jilson,Bango,39,FBB,Fenerbahce Beko Istanbul,C,3,6.7,33.00,70,0,27,1,18,2,1,0,10,10.00,17,17.00,0,0,0,0,7,7.00,8,8.00,7,11,5,14,8,-5,58.8,0.0,87.5,jilson-bango
1264,26,Paris,Lee,40,ASV,LDLC ASVEL Villeurbanne,G,1,0.0,190.70,572,19,215,81,38,21,1,10,70,70.00,216,216.00,43,43.00,126,126.00,32,32.00,38,38.00,6,32,28,34,51,-71,32.4,34.1,84.2,paris-lee
1333,28,Tarik,Black,40,ASV,LDLC ASVEL Villeurbanne,C,3,0.0,96.30,289,0,104,11,65,4,4,2,41,41.00,60,60.00,0,0,0,0,22,22.00,38,38.00,28,37,30,67,36,-62,68.3,0.0,57.9,tarik-black
1408,9,Benjamin,Bentil,40,ASV,LDLC ASVEL Villeurbanne,F,2,0.0,34.80,118,0,40,4,21,2,0,1,11,11.00,31,31.00,4,4.00,16,16.00,14,14.00,18,18.00,8,13,5,15,12,-40,35.5,25.0,77.8,benjamin-bentil
1440,33,David,Lighty,40,ASV,LDLC ASVEL Villeurbanne,F,2,0.0,112.60,642,22,146,34,59,17,2,3,52,52.00,124,124.00,28,28.00,69,69.00,14,14.00,18,18.00,10,49,21,81,29,-34,41.9,40.6,77.8,david-lighty
1442,32,Nando,De Colo,40,ASV,LDLC ASVEL Villeurbanne,G,1,0.0,436.00,659,0,368,143,55,24,1,12,111,111.00,248,248.00,55,55.00,142,142.00,91,91.00,96,96.00,11,44,76,51,109,-78,44.8,38.7,94.8,nando-de-colo
1446,19,Joffrey,Lauvergne,40,ASV,LDLC ASVEL Villeurbanne,C,3,0.0,260.20,385,13,214,21,94,9,4,10,87,87.00,157,157.00,8,8.00,24,24.00,32,32.00,44,44.00,34,60,19,34,54,-86,55.4,33.3,72.7,joffrey-lauvergne
1447,14,Charles,Kahudi,40,ASV,LDLC ASVEL Villeurbanne,F,2,0.0,26.10,171,2,46,2,17,2,1,1,16,16.00,36,36.00,5,5.00,18,18.00,9,9.00,10,10.00,3,14,10,22,11,-49,44.4,27.8,90.0,charles-kahudi
2070,14,Mbaye,Ndiaye,40,ASV,LDLC ASVEL Villeurbanne,F,2,0.0,105.50,273,5,101,11,41,9,8,1,38,38.00,72,72.00,13,13.00,32,32.00,12,12.00,18,18.00,10,31,15,28,14,-38,52.8,40.6,66.7,mbaye-ndiaye
2072,22,Edwin,Jackson,40,ASV,LDLC ASVEL Villeurbanne,G,1,0.0,43.40,331,3,80,14,32,5,0,5,30,30.00,87,87.00,12,12.00,48,48.00,8,8.00,8,8.00,8,24,12,37,19,-55,34.5,25.0,100.0,edwin-jackson
2507,33,Neal,Sako,40,ASV,LDLC ASVEL Villeurbanne,C,3,0.0,429.10,725,27,297,27,203,26,16,12,126,126.00,185,185.00,0,0,0,0,45,45.00,79,79.00,90,113,29,94,70,-65,68.1,0.0,57.0,neal-sako
2508,27,Melvin,Ajinca,40,ASV,LDLC ASVEL Villeurbanne,F,2,0.0,76.80,390,11,147,9,32,2,0,5,51,51.00,114,114.00,35,35.00,82,82.00,10,10.00,11,11.00,7,25,17,45,14,-73,44.7,42.7,90.9,melvin-ajinca
2509,33,Theo,Maledon,40,ASV,LDLC ASVEL Villeurbanne,G,1,0.0,713.30,911,33,561,153,114,33,5,15,149,149.00,339,339.00,55,55.00,160,160.00,208,208.00,230,230.00,14,100,97,58,195,-58,44.0,34.4,90.4,theo-maledon
2511,34,Shaquille,Harrison,40,ASV,LDLC ASVEL Villeurbanne,G,1,0.0,154.90,556,12,177,54,55,39,8,14,71,71.00,152,152.00,15,15.00,36,36.00,20,20.00,35,35.00,10,45,38,80,43,-68,46.7,41.7,57.1,shaquille-harrison
2520,6,Mbiya,Paul,40,ASV,LDLC ASVEL Villeurbanne,C,3,0.0,5.70,23,0,4,0,6,1,3,1,2,2.00,4,4.00,0,0,0,0,0,0,5,5.00,2,4,0,4,3,-10,50.0,0.0,0.0,mbiya-paul
2521,5,Yohann,Sissoko,40,ASV,LDLC ASVEL Villeurbanne,F,2,0.0,7.00,34,0,4,4,7,0,0,0,1,1.00,3,3.00,1,1.00,2,2.00,1,1.00,2,2.00,0,7,2,7,4,-1,33.3,50.0,50.0,yohann-sissoko
2588,25,Andre,Roberson,40,ASV,LDLC ASVEL Villeurbanne,F,2,0.0,271.70,646,18,210,36,155,29,27,8,80,80.00,175,175.00,25,25.00,70,70.00,25,25.00,41,41.00,45,110,42,66,31,30,45.7,35.7,61.0,andre-roberson
1248,33,Roman,Sorkin,41,MTA,Maccabi Playtika Tel Aviv,F,2,0.0,406.60,771,23,427,35,135,18,16,12,162,162.00,318,318.00,31,31.00,91,91.00,72,72.00,85,85.00,56,79,50,81,75,-66,50.9,34.1,84.7,roman-sorkin
1249,14,Rafi,Menco,41,MTA,Maccabi Playtika Tel Aviv,F,2,0.0,36.90,124,1,40,5,17,2,0,0,15,15.00,30,30.00,10,10.00,22,22.00,0,0,0,0,5,12,4,12,2,-19,50.0,45.5,0.0,rafi-menco
1300,20,Jasiel,Rivero,41,MTA,Maccabi Playtika Tel Aviv,C,3,0.0,256.60,439,9,204,26,87,16,9,9,87,87.00,148,148.00,2,2.00,11,11.00,28,28.00,48,48.00,35,52,22,40,57,-71,58.8,18.2,58.3,jasiel-rivero
1349,23,Jake,Cohen,41,MTA,Maccabi Playtika Tel Aviv,F,2,0.0,60.50,219,0,64,10,35,3,0,4,21,21.00,43,43.00,5,5.00,15,15.00,17,17.00,17,17.00,14,21,14,26,13,-12,48.8,33.3,100.0,jake-cohen
1351,33,John,Dibartolomeo,41,MTA,Maccabi Playtika Tel Aviv,G,1,0.0,181.20,575,6,170,22,62,22,0,3,51,51.00,124,124.00,44,44.00,103,103.00,24,24.00,27,27.00,24,38,8,76,59,-75,41.1,42.7,88.9,john-dibartolomeo
1370,28,Rokas,Jokubaitis,41,MTA,Maccabi Playtika Tel Aviv,G,1,0.0,452.10,685,24,353,131,89,28,1,6,135,135.00,248,248.00,23,23.00,62,62.00,60,60.00,70,70.00,23,66,73,48,86,-106,54.4,37.1,85.7,rokas-jokubaitis
1462,26,Tamir,Blatt,41,MTA,Maccabi Playtika Tel Aviv,G,1,0.0,311.60,629,23,231,175,62,12,0,4,70,70.00,186,186.00,53,53.00,149,149.00,38,38.00,40,40.00,10,52,75,34,54,-70,37.6,35.6,95.0,tamir-blatt
1587,24,Jaylen,Hoard,41,MTA,Maccabi Playtika Tel Aviv,F,2,0.0,433.50,735,22,353,33,121,31,6,8,133,133.00,232,232.00,11,11.00,34,34.00,76,76.00,97,97.00,31,90,21,46,72,-23,57.3,32.4,78.4,jaylen-hoard
2004,32,Trevion,Williams,41,MTA,Maccabi Playtika Tel Aviv,F,2,0.0,364.40,637,11,314,77,208,19,15,11,128,128.00,264,264.00,16,16.00,60,60.00,42,42.00,63,63.00,66,142,78,91,54,-119,48.5,26.7,66.7,trevion-williams
2184,8,Omer,Mayer,41,MTA,Maccabi Playtika Tel Aviv,G,1,0.0,18.40,66,0,21,16,5,3,0,2,6,6.00,18,18.00,5,5.00,10,10.00,4,4.00,4,4.00,1,4,12,8,5,-2,33.3,50.0,100.0,omer-mayer
2531,33,Levi,Randolph,41,MTA,Maccabi Playtika Tel Aviv,F,2,0.0,412.40,915,33,396,58,126,20,0,11,139,139.00,304,304.00,32,32.00,82,82.00,86,86.00,94,94.00,41,85,39,71,95,-59,45.7,39.0,91.5,levi-randolph
2532,33,William,Rayman,41,MTA,Maccabi Playtika Tel Aviv,F,2,0.0,114.60,376,8,86,5,102,6,4,6,24,24.00,60,60.00,8,8.00,20,20.00,30,30.00,40,40.00,41,61,6,80,43,-31,40.0,40.0,75.0,william-rayman
2589,20,Marial,Shayok,41,MTA,Maccabi Playtika Tel Aviv,G,1,0.0,91.10,302,3,114,20,41,14,0,8,41,41.00,101,101.00,19,19.00,57,57.00,13,13.00,16,16.00,13,28,11,42,21,-68,40.6,33.3,81.3,marial-shayok
2632,8,Jimmy,Clark Iii,41,MTA,Maccabi Playtika Tel Aviv,G,1,0.0,77.20,152,2,80,32,19,9,1,3,28,28.00,67,67.00,8,8.00,24,24.00,16,16.00,20,20.00,1,18,20,19,15,39,41.8,33.3,80.0,jimmy-clark-iii
1177,20,Tyler,Dorsey,42,OLY,Olympiacos Piraeus,G,1,4.0,43.10,202,2,66,21,19,4,1,2,21,21.00,64,64.00,12,12.00,41,41.00,12,12.00,20,20.00,2,17,19,22,23,-27,32.8,29.3,60.0,tyler-dorsey
1214,33,Luca,Vildoza,42,OLY,Olympiacos Piraeus,G,1,5.9,188.10,583,10,157,90,49,24,3,2,54,54.00,134,134.00,35,35.00,95,95.00,14,14.00,17,17.00,3,46,31,72,39,2,40.3,36.8,82.4,luca-vildoza
1320,35,Nigel,Williams-goss,42,OLY,Olympiacos Piraeus,G,1,9.3,326.20,802,20,302,119,74,26,2,6,100,100.00,227,227.00,25,25.00,70,70.00,77,77.00,93,93.00,6,68,63,93,82,101,44.1,35.7,82.8,nigel-williams-goss
1334,38,Shaquielle,Mckissic,42,OLY,Olympiacos Piraeus,G,1,5.8,300.00,624,0,288,62,82,20,1,10,98,98.00,211,211.00,34,34.00,109,109.00,58,58.00,89,89.00,25,57,38,54,69,19,46.4,31.2,65.2,shaquielle-mckissic
1336,40,Alec,Peters,42,OLY,Olympiacos Piraeus,F,2,9.4,387.20,657,4,325,32,105,11,2,9,109,109.00,202,202.00,46,46.00,88,88.00,61,61.00,65,65.00,38,67,17,64,72,96,54.0,52.3,93.8,alec-peters
1338,38,Kostas,Papanikolaou,42,OLY,Olympiacos Piraeus,F,2,6.9,256.80,713,29,183,78,107,24,12,3,61,61.00,147,147.00,34,34.00,100,100.00,27,27.00,39,39.00,22,85,29,72,35,115,41.5,34.0,69.2,kostas-papanikolaou
1339,38,Sasha,Vezenkov,42,OLY,Olympiacos Piraeus,F,2,21.2,967.10,1155,38,751,70,248,36,7,13,258,258.00,476,476.00,71,71.00,186,186.00,164,164.00,185,185.00,71,177,41,50,131,212,54.2,38.2,88.6,sasha-vezenkov
1340,35,Moustapha,Fall,42,OLY,Olympiacos Piraeus,C,3,8.8,315.60,608,32,202,67,101,10,28,4,87,87.00,118,118.00,0,0,0,0,28,28.00,68,68.00,46,55,33,84,76,111,73.7,0.0,41.2,moustapha-fall
1342,17,Giannoulis,Larentzakis,42,OLY,Olympiacos Piraeus,G,1,4.0,67.20,119,0,45,21,23,4,1,1,13,13.00,36,36.00,11,11.00,26,26.00,8,8.00,10,10.00,3,20,6,14,13,-5,36.1,42.3,80.0,giannoulis-larentzakis
1345,26,Thomas,Walkup,42,OLY,Olympiacos Piraeus,G,1,6.7,201.80,526,20,103,119,60,26,3,2,39,39.00,94,94.00,17,17.00,50,50.00,8,8.00,13,13.00,12,48,40,67,45,108,41.5,34.0,61.5,thomas-walkup
1404,4,Naz,Mitrou-long,42,OLY,Olympiacos Piraeus,G,1,4.0,3.50,12,0,0,4,1,0,0,0,0,0,0,0,0,0,0,0,0,0,0,0,0,1,0,2,0,-4,0.0,0.0,0.0,naz-mitrou-long
2116,29,Nikola,Milutinov,42,OLY,Olympiacos Piraeus,C,3,13.2,449.70,576,4,237,22,167,17,20,6,85,85.00,146,146.00,0,0,0,0,67,67.00,80,80.00,76,91,18,21,73,45,58.2,0.0,83.8,nikola-milutinov
2236,18,Moses,Wright,42,OLY,Olympiacos Piraeus,C,3,6.3,122.50,231,4,105,11,46,9,7,3,40,40.00,75,75.00,1,1.00,6,6.00,24,24.00,35,35.00,13,33,19,26,30,22,53.3,16.7,68.6,moses-wright
2522,37,Evan,Fournier,42,OLY,Olympiacos Piraeus,G,1,12.9,505.50,954,36,595,95,82,40,5,12,198,198.00,465,465.00,91,91.00,254,254.00,108,108.00,147,147.00,22,60,68,75,112,98,42.6,35.8,73.5,evan-fournier
2560,21,Saben,Lee,42,OLY,Olympiacos Piraeus,G,1,8.2,195.60,367,2,155,46,42,19,2,8,46,46.00,96,96.00,9,9.00,31,31.00,54,54.00,74,74.00,10,32,34,32,66,1,47.9,29.0,73.0,saben-lee
1231,38,Lorenzo,Brown,43,PAO,Panathinaikos AKTOR Athens,G,1,7.5,309.40,567,11,238,102,76,29,2,4,89,89.00,197,197.00,27,27.00,81,81.00,33,33.00,41,41.00,10,66,49,40,51,-11,45.2,33.3,80.5,lorenzo-brown
1256,4,Marius,Grigonis,43,PAO,Panathinaikos AKTOR Athens,G,1,4.0,11.20,46,2,12,4,3,0,1,0,4,4.00,12,12.00,2,2.00,8,8.00,2,2.00,2,2.00,1,2,3,2,4,22,33.3,25.0,100.0,marius-grigonis
1260,6,Alexandros,Samodurov,43,PAO,Panathinaikos AKTOR Athens,C,3,4.0,17.00,26,0,11,1,7,0,3,0,3,3.00,4,4.00,2,2.00,3,3.00,3,3.00,4,4.00,2,5,0,6,2,-10,75.0,66.7,75.0,alexandros-samodurov
1266,32,Panagiotis,Kalaitzakis,43,PAO,Panathinaikos AKTOR Athens,F,2,4.0,46.20,235,10,57,12,25,15,1,4,20,20.00,50,50.00,4,4.00,21,21.00,13,13.00,18,18.00,12,13,11,34,15,57,40.0,19.0,72.2,panagiotis-kalaitzakis
1324,19,Mathias,Lessort,43,PAO,Panathinaikos AKTOR Athens,C,3,15.3,400.90,484,16,247,31,125,18,13,3,90,90.00,126,126.00,0,0,2,2.00,67,67.00,104,104.00,47,78,33,40,95,39,71.4,0.0,64.4,mathias-lessort
1327,26,Ioannis,Papapetrou,43,PAO,Panathinaikos AKTOR Athens,F,2,4.0,66.40,275,6,74,10,26,10,2,1,28,28.00,64,64.00,6,6.00,27,27.00,12,12.00,21,21.00,8,18,12,25,23,4,43.8,22.2,57.1,ioannis-papapetrou
1341,39,Kostas,Sloukas,43,PAO,Panathinaikos AKTOR Athens,G,1,12.2,505.00,848,2,356,187,77,32,3,12,96,96.00,239,239.00,52,52.00,142,142.00,112,112.00,119,119.00,14,63,64,63,110,58,40.2,36.6,94.1,kostas-sloukas
1384,8,Tibor,Pleiss,43,PAO,Panathinaikos AKTOR Athens,C,3,5.5,-1.20,38,1,8,2,5,1,1,0,4,4.00,20,20.00,0,0,5,5.00,0,0,0,0,1,4,1,4,2,-9,20.0,0.0,0.0,tibor-pleiss
1602,41,Jerian,Grant,43,PAO,Panathinaikos AKTOR Athens,G,1,10.7,466.80,1101,32,352,130,87,35,3,8,121,121.00,245,245.00,49,49.00,114,114.00,61,61.00,72,72.00,15,72,33,84,89,79,49.4,43.0,84.7,jerian-grant
2095,39,Konstantinos,Mitoglou,43,PAO,Panathinaikos AKTOR Athens,F,2,6.9,239.50,630,13,234,24,114,18,4,6,93,93.00,187,187.00,28,28.00,65,65.00,20,20.00,30,30.00,39,75,23,76,35,60,49.7,43.1,66.7,konstantinos-mitoglou
2096,40,Juancho,Hernangomez,43,PAO,Panathinaikos AKTOR Athens,F,2,14.9,651.80,1093,27,398,58,278,37,13,11,148,148.00,295,295.00,61,61.00,142,142.00,41,41.00,65,65.00,62,216,27,47,82,151,50.2,43.0,63.1,juancho-hernangomez
2097,1,Dimitris,Moraitis,43,PAO,Panathinaikos AKTOR Athens,G,1,4.0,3.00,4,0,2,0,1,0,0,0,0,0,1,1.00,0,0,1,1.00,2,2.00,2,2.00,0,1,0,0,1,0,0.0,0.0,100.0,dimitris-moraitis
2198,40,Kendrick,Nunn,43,PAO,Panathinaikos AKTOR Athens,G,1,17.4,805.50,1233,39,802,166,141,39,9,23,287,287.00,594,594.00,109,109.00,278,278.00,119,119.00,138,138.00,32,109,113,111,165,205,48.3,39.2,86.2,kendrick-nunn
2528,31,Omer,Yurtseven,43,PAO,Panathinaikos AKTOR Athens,C,3,9.1,309.50,452,9,260,18,124,12,22,11,111,111.00,179,179.00,4,4.00,10,10.00,34,34.00,48,48.00,57,67,42,53,43,36,62.0,40.0,70.8,omer-yurtseven
2529,39,Cedi,Osman,43,PAO,Panathinaikos AKTOR Athens,F,2,10.4,349.80,773,22,375,26,104,18,6,16,116,116.00,254,254.00,52,52.00,138,138.00,91,91.00,115,115.00,20,84,25,81,87,28,45.7,37.7,79.1,cedi-osman
2530,32,Wenyen,Gabriel,43,PAO,Panathinaikos AKTOR Athens,C,3,7.8,239.70,529,22,191,23,124,19,30,9,84,84.00,136,136.00,0,0,5,5.00,23,23.00,56,56.00,61,63,37,91,59,49,61.8,0.0,41.1,wenyen-gabriel
1230,16,Balsa,Koprivica,44,PAR,Partizan Mozzart Bet Belgrade,C,3,0.0,69.20,129,8,54,5,39,7,9,7,21,21.00,35,35.00,0,0,0,0,12,12.00,15,15.00,16,23,8,27,11,-13,60.0,0.0,80.0,balsa-koprivica
1289,26,Iffe,Lundberg,44,PAR,Partizan Mozzart Bet Belgrade,G,1,0.0,204.60,648,14,206,78,58,23,0,8,65,65.00,187,187.00,36,36.00,104,104.00,40,40.00,50,50.00,15,43,29,51,46,48,34.8,34.6,80.0,iffe-lundberg
1406,33,Brandon,Davies,44,PAR,Partizan Mozzart Bet Belgrade,C,3,0.0,370.30,618,17,327,50,119,30,14,11,124,124.00,244,244.00,32,32.00,65,65.00,47,47.00,79,79.00,31,88,46,82,106,-6,50.8,49.2,59.5,brandon-davies
1425,21,Vanja,Marinkovic,44,PAR,Partizan Mozzart Bet Belgrade,F,2,0.0,114.00,481,13,154,25,34,12,2,3,56,56.00,121,121.00,29,29.00,74,74.00,13,13.00,20,20.00,8,26,14,46,18,54,46.3,39.2,65.0,vanja-marinkovic
1434,30,Isaac,Bonga,44,PAR,Partizan Mozzart Bet Belgrade,F,2,0.0,307.90,749,20,230,34,134,22,15,4,73,73.00,165,165.00,42,42.00,102,102.00,42,42.00,45,45.00,46,88,22,64,43,4,44.2,41.2,93.3,isaac-bonga
1597,32,Tyrique,Jones,44,PAR,Partizan Mozzart Bet Belgrade,C,3,0.0,541.00,724,10,371,33,193,34,21,8,139,139.00,220,220.00,0,0,0,0,93,93.00,140,140.00,88,105,53,79,129,74,63.2,0.0,66.4,tyrique-jones
1688,23,Isiaha,Mike,44,PAR,Partizan Mozzart Bet Belgrade,F,2,0.0,98.70,353,13,89,15,55,13,3,2,34,34.00,77,77.00,10,10.00,39,39.00,11,11.00,19,19.00,22,33,13,41,23,-15,44.2,25.6,57.9,isiaha-mike
2062,4,Mitar,Bosnjakovic,44,PAR,Partizan Mozzart Bet Belgrade,F,2,0.0,5.00,36,3,10,3,4,3,0,1,5,5.00,12,12.00,0,0,5,5.00,0,0,0,0,3,1,1,7,1,-7,41.7,0.0,0.0,mitar-bosnjakovic
2089,34,Sterling,Brown,44,PAR,Partizan Mozzart Bet Belgrade,G,1,0.0,416.00,876,30,422,71,102,27,6,15,157,157.00,300,300.00,69,69.00,147,147.00,39,39.00,42,42.00,23,79,48,73,44,41,52.3,46.9,92.9,sterling-brown
2481,11,Arijan,Lakic,44,PAR,Partizan Mozzart Bet Belgrade,G,1,0.0,21.80,126,1,17,3,19,2,0,0,7,7.00,20,20.00,3,3.00,12,12.00,0,0,0,0,9,10,0,13,5,14,35.0,25.0,0.0,arijan-lakic
2482,27,Aleksej,Pokusevski,44,PAR,Partizan Mozzart Bet Belgrade,F,2,0.0,133.10,345,7,104,32,59,16,26,1,41,41.00,90,90.00,13,13.00,44,44.00,9,9.00,13,13.00,18,41,13,58,16,7,45.6,29.5,69.2,aleksej-pokusevski
2483,19,Duane,Washington,44,PAR,Partizan Mozzart Bet Belgrade,G,1,0.0,114.80,277,1,145,33,21,8,0,6,49,49.00,128,128.00,12,12.00,50,50.00,35,35.00,45,45.00,1,20,17,31,44,35,38.3,24.0,77.8,duane-washington
2484,21,Frank,Ntilikina,44,PAR,Partizan Mozzart Bet Belgrade,G,1,0.0,137.40,418,7,146,43,35,13,0,2,54,54.00,118,118.00,26,26.00,69,69.00,12,12.00,13,13.00,6,29,14,54,27,-12,45.8,37.7,92.3,frank-ntilikina
2485,34,Carlik,Jones,44,PAR,Partizan Mozzart Bet Belgrade,G,1,0.0,622.20,917,23,480,182,109,33,4,19,173,173.00,375,375.00,30,30.00,94,94.00,104,104.00,122,122.00,17,92,61,58,137,84,46.1,31.9,85.2,carlik-jones
2519,12,Mario,Nakic,44,PAR,Partizan Mozzart Bet Belgrade,F,2,0.0,24.60,103,3,25,3,12,3,1,0,10,10.00,22,22.00,3,3.00,12,12.00,2,2.00,2,2.00,5,7,3,12,7,-28,45.5,25.0,100.0,mario-nakic
1176,39,Facundo,Campazzo,45,RMB,Real Madrid,G,1,0.0,729.00,1004,33,467,234,119,40,2,14,140,140.00,311,311.00,52,52.00,154,154.00,135,135.00,157,157.00,27,92,91,85,204,133,45.0,33.8,86.0,facundo-campazzo
1226,30,Hugo,Gonzalez,45,RMB,Real Madrid,F,2,0.0,39.20,226,1,58,10,38,3,8,2,19,19.00,55,55.00,9,9.00,27,27.00,11,11.00,16,16.00,7,31,16,37,14,-34,34.5,33.3,68.8,hugo-gonzalez
1235,40,Walter,Tavares,45,RMB,Real Madrid,C,3,0.0,647.90,931,37,408,46,263,27,48,6,169,169.00,229,229.00,0,0,0,0,70,70.00,97,97.00,98,165,82,119,113,201,73.8,0.0,72.2,walter-tavares
1239,28,Gabriel,Deck,45,RMB,Real Madrid,F,2,0.0,253.20,655,15,223,39,90,13,5,8,84,84.00,153,153.00,21,21.00,51,51.00,34,34.00,52,52.00,27,63,29,50,44,-12,54.9,41.2,65.4,gabriel-deck
1311,35,Dzanan,Musa,45,RMB,Real Madrid,F,2,0.0,470.20,763,23,427,70,101,15,5,10,135,135.00,288,288.00,45,45.00,121,121.00,112,112.00,138,138.00,18,83,61,44,113,36,46.9,37.2,81.2,dzanan-musa
1312,25,Eli,Ndiaye,45,RMB,Real Madrid,C,3,0.0,114.10,349,19,89,12,61,15,2,0,33,33.00,77,77.00,15,15.00,44,44.00,8,8.00,12,12.00,18,43,6,36,17,-5,42.9,34.1,66.7,eli-ndiaye
1314,40,Sergio,Llull,45,RMB,Real Madrid,G,1,0.0,216.30,684,3,265,87,56,15,0,6,86,86.00,264,264.00,54,54.00,185,185.00,39,39.00,48,48.00,18,38,28,59,61,11,32.6,29.2,81.3,sergio-llull
1316,38,Mario,Hezonja,45,RMB,Real Madrid,F,2,0.0,576.10,1028,17,565,58,201,31,5,12,212,212.00,458,458.00,73,73.00,232,232.00,68,68.00,83,83.00,20,181,59,64,80,68,46.3,31.5,81.9,mario-hezonja
1318,39,Alberto,Abalde,45,RMB,Real Madrid,F,2,0.0,274.00,736,28,229,66,92,19,0,1,83,83.00,160,160.00,40,40.00,87,87.00,23,23.00,26,26.00,17,75,20,72,25,133,51.9,46.0,88.5,alberto-abalde
1700,33,Andres,Feliz,45,RMB,Real Madrid,G,1,0.0,169.00,468,5,158,52,60,24,3,9,63,63.00,138,138.00,14,14.00,48,48.00,18,18.00,29,29.00,14,46,22,70,48,14,45.7,29.2,62.1,andres-feliz
2079,29,Serge,Ibaka,45,RMB,Real Madrid,C,3,0.0,187.60,357,2,180,19,93,5,15,3,73,73.00,136,136.00,13,13.00,41,41.00,21,21.00,28,28.00,38,55,36,55,27,-63,53.7,31.7,75.0,serge-ibaka
2514,27,Usman,Garuba,45,RMB,Real Madrid,F,2,0.0,112.30,381,9,106,15,84,16,12,6,44,44.00,89,89.00,8,8.00,34,34.00,10,10.00,20,20.00,24,60,17,69,17,-11,49.4,23.5,50.0,usman-garuba
2515,3,Sidi,Gueye,45,RMB,Real Madrid,C,3,0.0,1.30,5,0,2,0,0,0,0,0,0,0,0,0,0,0,0,0,2,2.00,2,2.00,0,0,1,1,1,-7,0.0,0.0,100.0,sidi-gueye
2516,23,Xavier,Rathan-mayes,45,RMB,Real Madrid,G,1,0.0,97.30,275,5,121,32,21,11,1,3,42,42.00,103,103.00,25,25.00,70,70.00,12,12.00,19,19.00,3,18,26,32,32,4,40.8,35.7,63.2,xavier-rathan-mayes
2517,1,Declan,Duru,45,RMB,Real Madrid,F,2,0.0,-1.80,1,0,0,0,0,0,0,1,0,0,1,1.00,0,0,0,0,0,0,0,0,0,0,0,0,0,-4,0.0,0.0,0.0,declan-duru
2622,12,Bruno,Fernando,45,RMB,Real Madrid,C,3,0.0,69.70,167,2,60,7,36,5,4,2,21,21.00,38,38.00,0,0,1,1.00,18,18.00,23,23.00,15,21,17,28,24,-53,55.3,0.0,78.3,bruno-fernando
1198,33,Achille,Polonara,47,VIR,Virtus Segafredo Bologna,F,2,0.0,207.50,536,6,158,29,93,15,14,2,53,53.00,133,133.00,21,21.00,76,76.00,31,31.00,39,39.00,31,62,16,46,41,-35,39.8,27.6,79.5,achille-polonara
1213,28,Tornike,Shengelia,47,VIR,Virtus Segafredo Bologna,F,2,0.0,497.30,769,25,436,75,139,19,10,11,147,147.00,308,308.00,25,25.00,69,69.00,117,117.00,142,142.00,43,96,71,70,145,-101,47.7,36.2,82.4,tornike-shengelia
1287,31,Daniel,Hackett,47,VIR,Virtus Segafredo Bologna,G,1,0.0,94.40,481,9,77,54,61,11,0,1,26,26.00,70,70.00,13,13.00,36,36.00,12,12.00,14,14.00,8,53,28,73,36,-80,37.1,36.1,85.7,daniel-hackett
1291,30,Marco,Belinelli,47,VIR,Virtus Segafredo Bologna,G,1,0.0,77.20,412,1,185,27,14,9,1,5,64,64.00,177,177.00,30,30.00,102,102.00,27,27.00,33,33.00,3,11,18,43,23,-86,36.2,29.4,81.8,marco-belinelli
1293,30,Alessandro,Pajola,47,VIR,Virtus Segafredo Bologna,G,1,0.0,226.50,708,21,164,123,72,35,4,9,57,57.00,141,141.00,31,31.00,89,89.00,19,19.00,24,24.00,9,63,38,82,38,-42,40.4,34.8,79.2,alessandro-pajola
1294,34,Isaia,Cordinier,47,VIR,Virtus Segafredo Bologna,G,1,0.0,475.40,915,31,409,132,132,23,9,7,145,145.00,306,306.00,28,28.00,101,101.00,91,91.00,114,114.00,35,97,69,96,112,-57,47.4,27.7,79.8,isaia-cordinier
1381,25,Ante,Zizic,47,VIR,Virtus Segafredo Bologna,C,3,0.0,245.40,412,18,201,8,95,8,16,13,86,86.00,134,134.00,0,0,0,0,29,29.00,45,45.00,47,48,21,33,40,-70,64.2,0.0,64.4,ante-zizic
1387,24,Will,Clyburn,47,VIR,Virtus Segafredo Bologna,F,2,0.0,380.30,658,24,330,57,113,26,5,6,119,119.00,273,273.00,43,43.00,126,126.00,49,49.00,60,60.00,24,89,34,36,79,-49,43.6,34.1,81.7,will-clyburn
1719,17,Nicola,Akele,47,VIR,Virtus Segafredo Bologna,F,2,0.0,58.90,165,2,51,1,26,5,1,0,24,24.00,30,30.00,3,3.00,4,4.00,0,0,0,0,7,19,5,21,5,-10,80.0,75.0,0.0,nicola-akele
1733,21,Andrejs,Grazulis,47,VIR,Virtus Segafredo Bologna,F,2,0.0,59.90,274,7,104,11,29,4,3,1,42,42.00,83,83.00,11,11.00,37,37.00,9,9.00,12,12.00,9,20,11,45,7,-29,50.6,29.7,75.0,andrejs-grazulis
2038,34,Matthew,Morgan,47,VIR,Virtus Segafredo Bologna,G,1,0.0,270.70,634,5,266,87,59,18,1,12,78,78.00,208,208.00,36,36.00,133,133.00,74,74.00,80,80.00,8,51,34,67,78,-59,37.5,27.1,92.5,matthew-morgan
2505,31,Mouhamet,Diouf,47,VIR,Virtus Segafredo Bologna,C,3,0.0,249.70,491,10,193,13,97,20,12,6,66,66.00,110,110.00,0,0,0,0,61,61.00,87,87.00,40,57,21,62,69,-28,60.0,0.0,70.1,mouhamet-diouf
2624,9,Justin,Holiday,47,VIR,Virtus Segafredo Bologna,G,1,0.0,28.30,139,3,37,5,19,6,2,2,14,14.00,41,41.00,8,8.00,26,26.00,1,1.00,2,2.00,4,15,8,8,5,-40,34.1,30.8,50.0,justin-holiday
1270,34,Edgaras,Ulanovas,48,ZAL,Zalgiris Kaunas,F,2,0.0,290.80,760,16,223,62,97,17,2,5,64,64.00,145,145.00,26,26.00,66,66.00,69,69.00,83,83.00,35,62,31,92,100,-72,44.1,39.4,83.1,edgaras-ulanovas
1271,33,Arnas,Butkevicius,48,ZAL,Zalgiris Kaunas,F,2,0.0,227.20,726,17,147,38,122,34,10,5,47,47.00,114,114.00,27,27.00,71,71.00,26,26.00,35,35.00,31,91,24,82,52,62,41.2,38.0,74.3,arnas-butkevicius
1273,29,Ignas,Brazdeikis,48,ZAL,Zalgiris Kaunas,G,1,0.0,229.70,512,18,237,41,93,10,4,11,90,90.00,213,213.00,18,18.00,75,75.00,39,39.00,44,44.00,26,67,27,43,43,-14,42.3,24.0,88.6,ignas-brazdeikis
1276,34,Laurynas,Birutis,48,ZAL,Zalgiris Kaunas,C,3,0.0,196.40,443,17,180,12,93,5,17,6,73,73.00,115,115.00,0,0,0,0,34,34.00,57,57.00,31,62,24,77,50,20,63.5,0.0,59.6,laurynas-birutis
1281,14,Lukas,Lekavicius,48,ZAL,Zalgiris Kaunas,G,1,0.0,-0.70,97,0,30,7,4,3,0,1,10,10.00,37,37.00,6,6.00,19,19.00,4,4.00,5,5.00,0,4,10,13,6,-26,27.0,31.6,80.0,lukas-lekavicius
1283,30,Dovydas,Giedraitis,48,ZAL,Zalgiris Kaunas,G,1,0.0,145.00,720,18,174,57,53,19,2,12,69,69.00,158,158.00,25,25.00,64,64.00,11,11.00,14,14.00,20,33,32,61,26,-17,43.7,39.1,78.6,dovydas-giedraitis
1328,29,Alen,Smailagic,48,ZAL,Zalgiris Kaunas,F,2,0.0,236.70,435,7,236,12,84,13,18,8,89,89.00,162,162.00,22,22.00,63,63.00,36,36.00,49,49.00,32,52,27,67,51,-42,54.9,34.9,73.5,alen-smailagic
1380,34,Bryant,Dunston,48,ZAL,Zalgiris Kaunas,C,3,0.0,192.60,534,16,139,29,113,17,17,2,58,58.00,95,95.00,0,0,2,2.00,23,23.00,36,36.00,58,55,19,96,35,-34,61.1,0.0,63.9,bryant-dunston
1936,34,Deividas,Sirvydis,48,ZAL,Zalgiris Kaunas,F,2,0.0,249.00,562,11,286,27,90,16,3,5,91,91.00,213,213.00,57,57.00,147,147.00,47,47.00,68,68.00,22,68,37,52,52,-23,42.7,38.8,69.1,deividas-sirvydis
1978,29,Matthew,Mitchell,48,ZAL,Zalgiris Kaunas,F,2,0.0,81.80,417,4,94,27,68,8,1,9,33,33.00,97,97.00,6,6.00,36,36.00,22,22.00,29,29.00,20,48,24,55,38,-45,34.0,16.7,75.9,matthew-mitchell
2082,34,Sylvain,Francisco,48,ZAL,Zalgiris Kaunas,G,1,0.0,555.10,867,18,495,154,90,32,12,7,145,145.00,365,365.00,75,75.00,219,219.00,130,130.00,172,172.00,18,72,100,63,178,16,39.7,34.2,75.6,sylvain-francisco
2090,24,Brady,Manek,48,ZAL,Zalgiris Kaunas,F,2,0.0,50.00,214,11,79,8,29,5,1,1,28,28.00,72,72.00,21,21.00,56,56.00,2,2.00,4,4.00,5,24,7,29,7,4,38.9,37.5,50.0,brady-manek
2577,3,Mantas,Juzenas,48,ZAL,Zalgiris Kaunas,G,1,0.0,-1.90,2,0,0,0,0,0,0,0,0,0,0,0,0,0,0,0,0,0,0,0,0,0,0,2,0,1,0.0,0.0,0.0,mantas-juzenas
2625,2,Dovydas,Buika,48,ZAL,Zalgiris Kaunas,G,1,0.0,0.20,3,0,0,1,0,1,0,0,0,0,1,1.00,0,0,1,1.00,0,0,0,0,0,0,0,1,0,1,0.0,0.0,0.0,dovydas-buika
2639,7,Isaiah,Wong,48,ZAL,Zalgiris Kaunas,G,1,0.0,43.00,86,0,45,7,9,4,2,2,15,15.00,34,34.00,3,3.00,9,9.00,12,12.00,14,14.00,4,5,5,8,11,-16,44.1,33.3,85.7,isaiah-wong
1280,38,Kevarrius,Hayes,60,PBB,Paris Basketball,C,3,0.0,357.90,769,38,246,18,173,37,32,12,96,96.00,156,156.00,0,0,1,1.00,54,54.00,69,69.00,68,105,34,106,62,125,61.5,0.0,78.3,kevarrius-hayes
1420,6,Daulton,Hommes,60,PBB,Paris Basketball,F,2,0.0,22.60,73,0,26,4,12,4,1,0,8,8.00,19,19.00,6,6.00,16,16.00,4,4.00,8,8.00,6,6,2,16,7,5,42.1,37.5,50.0,daulton-hommes
1453,35,Yakuba,Ouattara,60,PBB,Paris Basketball,G,1,0.0,99.10,520,17,157,11,62,14,2,6,58,58.00,153,153.00,28,28.00,92,92.00,13,13.00,13,13.00,24,38,16,47,10,-49,37.9,30.4,100.0,yakuba-ouattara
1474,29,Maodo,Lo,60,PBB,Paris Basketball,G,1,0.0,243.60,498,1,291,62,44,13,1,15,112,112.00,244,244.00,39,39.00,117,117.00,28,28.00,36,36.00,11,33,39,31,45,-132,45.9,33.3,77.8,maodo-lo
1961,38,Nadir,Hifi,60,PBB,Paris Basketball,G,1,0.0,422.10,759,0,574,51,79,23,0,12,188,188.00,468,468.00,96,96.00,280,280.00,102,102.00,119,119.00,18,61,57,69,109,-156,40.2,34.3,85.7,nadir-hifi
1991,38,Mikael,Jantunen,60,PBB,Paris Basketball,C,3,0.0,383.20,970,38,285,39,184,27,8,8,100,100.00,215,215.00,57,57.00,147,147.00,28,28.00,34,34.00,61,123,18,97,61,182,46.5,38.8,82.4,mikael-jantunen
1993,27,Leon,Kratzer,60,PBB,Paris Basketball,C,3,0.0,7.60,257,0,17,5,64,8,7,0,7,7.00,21,21.00,0,0,0,0,3,3.00,5,5.00,25,39,21,69,9,-20,33.3,0.0,60.0,leon-kratzer
1994,17,Sebastian,Herrera,60,PBB,Paris Basketball,G,1,0.0,33.80,202,9,68,9,18,6,0,2,21,21.00,63,63.00,18,18.00,54,54.00,8,8.00,10,10.00,4,14,2,27,5,61,33.3,33.3,80.0,sebastian-herrera
1996,35,Bandja,Sy,60,PBB,Paris Basketball,F,2,0.0,126.70,473,3,108,13,72,14,11,4,38,38.00,76,76.00,22,22.00,48,48.00,10,10.00,16,16.00,28,44,16,54,20,-74,50.0,45.8,62.5,bandja-sy
1997,38,Tyson,Ward,60,PBB,Paris Basketball,F,2,0.0,455.40,1001,38,418,50,188,36,7,12,147,147.00,334,334.00,64,64.00,193,193.00,60,60.00,79,79.00,40,148,38,99,86,95,44.0,33.2,75.9,tyson-ward
1998,33,Collin,Malcolm,60,PBB,Paris Basketball,F,2,0.0,252.80,625,9,253,39,83,12,5,7,91,91.00,207,207.00,34,34.00,104,104.00,37,37.00,48,48.00,20,63,24,43,48,-14,44.0,32.7,77.1,collin-malcolm
1999,37,Tj,Shorts,60,PBB,Paris Basketball,G,1,0.0,891.20,1011,37,704,271,96,37,2,22,261,261.00,527,527.00,30,30.00,83,83.00,152,152.00,207,207.00,18,78,83,85,244,145,49.5,36.1,73.4,tj-shorts
2506,36,Leopold,Cavaliere,60,PBB,Paris Basketball,F,2,0.0,141.20,394,0,102,15,98,9,0,1,41,41.00,67,67.00,4,4.00,10,10.00,16,16.00,22,22.00,38,60,19,70,31,-136,61.2,40.0,72.7,leopold-cavaliere
2627,4,Mathis,Dossou-yovo,60,PBB,Paris Basketball,F,2,0.0,6.60,30,0,4,0,6,0,0,0,2,2.00,4,4.00,0,0,0,0,0,0,0,0,0,6,0,3,1,11,50.0,0.0,0.0,mathis-dossou-yovo
